,pl_b0_raw_log_c1_SN_cov_orig,pl_b0_raw_log_c1_SN_cov_aligned,pl_b0_raw_log_c1_SN_cov_ind,pl_b0_raw_alpha1_SN_cov_orig,pl_b0_raw_alpha1_SN_cov_aligned,pl_b0_raw_alpha1_SN_cov_ind,fit_cvpca_w_log_c1_SN_cov_orig,fit_cvpca_w_log_c1_SN_cov_aligned,fit_cvpca_w_log_c1_SN_cov_ind,fit_cvpca_w_alpha1_SN_cov_orig,fit_cvpca_w_alpha1_SN_cov_aligned,fit_cvpca_w_alpha1_SN_cov_ind,commit_id
0,,,,,,,,,,,,,1e4610bb3ca26432f28bfe03890457919f5457d0
1,,,,,,,,,,,,,1e4610bb3ca26432f28bfe03890457919f5457d0
2,,,,,,,,,,,,,1e4610bb3ca26432f28bfe03890457919f5457d0
3,,,,,,,,,,,,,1e4610bb3ca26432f28bfe03890457919f5457d0
4,,,,,,,,,,,,,1e4610bb3ca26432f28bfe03890457919f5457d0
5,,,,,,,,,,,,,1e4610bb3ca26432f28bfe03890457919f5457d0
6,,,,,,,,,,,,,1e4610bb3ca26432f28bfe03890457919f5457d0
7,,,,,,,,,,,,,1e4610bb3ca26432f28bfe03890457919f5457d0
8,,,,,,,,,,,,,1e4610bb3ca26432f28bfe03890457919f5457d0
9,,,,,,,,,,,,,1e4610bb3ca26432f28bfe03890457919f5457d0
10,,,,,,,,,,,,,1e4610bb3ca26432f28bfe03890457919f5457d0
11,,,,,,,,,,,,,1e4610bb3ca26432f28bfe03890457919f5457d0
12,,,,,,,,,,,,,1e4610bb3ca26432f28bfe03890457919f5457d0
13,,,,,,,,,,,,,1e4610bb3ca26432f28bfe03890457919f5457d0
14,,,,,,,,,,,,,1e4610bb3ca26432f28bfe03890457919f5457d0
15,,,,,,,,,,,,,1e4610bb3ca26432f28bfe03890457919f5457d0
16,,,,,,,,,,,,,1e4610bb3ca26432f28bfe03890457919f5457d0
17,,,,,,,,,,,,,1e4610bb3ca26432f28bfe03890457919f5457d0
18,,,,,,,,,,,,,1e4610bb3ca26432f28bfe03890457919f5457d0
19,,,,,,,,,,,,,1e4610bb3ca26432f28bfe03890457919f5457d0
nm,ms_natimg2800_M170604_MP031_2017-06-28,ms_natimg2800_M170604_MP031_2017-06-28,ms_natimg2800_M170604_MP031_2017-06-28,ms_natimg2800_M170604_MP031_2017-06-28,ms_natimg2800_M170604_MP031_2017-06-28,ms_natimg2800_M170604_MP031_2017-06-28,ms_natimg2800_M170604_MP031_2017-06-28,ms_natimg2800_M170604_MP031_2017-06-28,ms_natimg2800_M170604_MP031_2017-06-28,ms_natimg2800_M170604_MP031_2017-06-28,ms_natimg2800_M170604_MP031_2017-06-28,ms_natimg2800_M170604_MP031_2017-06-28,ms_natimg2800_M170604_MP031_2017-06-28
